#{"t_start": 1652198278.517248, "env_id": "BeamRiderNoFrameskip-v4"}
r,l,t
528.0,6917,284.908548
484.0,5740,617.054476
