#{"t_start": 1652198281.9847336, "env_id": "BeamRiderNoFrameskip-v4"}
r,l,t
660.0,6901,281.139849
264.0,3590,487.238623
