#{"t_start": 1652198282.2889495, "env_id": "BeamRiderNoFrameskip-v4"}
r,l,t
352.0,4719,160.334404
528.0,6940,510.011729
