#{"t_start": 1652198282.9213958, "env_id": "BeamRiderNoFrameskip-v4"}
r,l,t
484.0,4293,152.289714
352.0,5562,402.213485
