#{"t_start": 1652198283.2206075, "env_id": "BeamRiderNoFrameskip-v4"}
r,l,t
264.0,3853,144.105926
484.0,6672,487.113534
