#{"t_start": 1652198279.171762, "env_id": "BeamRiderNoFrameskip-v4"}
r,l,t
440.0,5795,264.063753
308.0,3902,402.459641
