#{"t_start": 1652198279.4499412, "env_id": "BeamRiderNoFrameskip-v4"}
r,l,t
440.0,4501,159.828045
440.0,6068,491.731802
