#{"t_start": 1652198279.7451665, "env_id": "BeamRiderNoFrameskip-v4"}
r,l,t
484.0,6233,271.028681
528.0,5564,516.24312
