#{"t_start": 1652198280.04036, "env_id": "BeamRiderNoFrameskip-v4"}
r,l,t
264.0,5349,254.519019
396.0,6560,517.724184
