#{"t_start": 1652198280.3285623, "env_id": "BeamRiderNoFrameskip-v4"}
r,l,t
220.0,4015,150.222252
308.0,3408,291.833414
