#{"t_start": 1652198280.7188396, "env_id": "BeamRiderNoFrameskip-v4"}
r,l,t
308.0,3697,143.970829
440.0,6290,407.455192
