#{"t_start": 1652198281.00504, "env_id": "BeamRiderNoFrameskip-v4"}
r,l,t
484.0,5677,259.983886
264.0,3812,396.361347
