#{"t_start": 1652198281.2932615, "env_id": "BeamRiderNoFrameskip-v4"}
r,l,t
396.0,5149,248.849994
132.0,4048,390.407118
