#{"t_start": 1652197924.888437, "env_id": "BreakoutNoFrameskip-v4"}
r,l,t
0.0,526,13.055233
10.0,1909,49.680138
1.0,723,73.659098
2.0,810,88.624684
2.0,830,103.533228
0.0,531,112.388492
1.0,725,134.804345
1.0,721,147.430276
0.0,514,156.235506
1.0,699,169.084593
1.0,716,191.589511
1.0,685,203.93024
0.0,533,212.949618
2.0,844,229.177096
0.0,534,249.874735
0.0,541,259.376455
3.0,1079,280.57745
1.0,624,293.162352
