#{"t_start": 1652197925.465846, "env_id": "BreakoutNoFrameskip-v4"}
r,l,t
1.0,614,14.581312
1.0,711,28.022818
0.0,520,36.895094
1.0,701,49.841251
4.0,1207,83.725216
1.0,627,94.925138
8.0,1427,131.133749
1.0,715,144.01486
1.0,714,156.432644
6.0,1507,195.306138
0.0,510,204.056327
5.0,1419,232.322319
0.0,518,252.607667
2.0,899,270.102042
0.0,532,279.48468
0.0,517,289.848007
