#{"t_start": 1652197922.8519957, "env_id": "BreakoutNoFrameskip-v4"}
r,l,t
1.0,714,18.594151
0.0,533,28.207951
1.0,625,39.103658
0.0,530,48.503305
0.0,513,68.649556
1.0,617,79.419173
0.0,520,88.439553
0.0,509,97.229771
2.0,807,112.162332
2.0,812,136.489538
3.0,1097,156.598761
0.0,525,165.859312
1.0,642,187.206411
0.0,513,195.918573
1.0,622,207.038437
2.0,913,223.50008
0.0,537,233.620238
2.0,923,262.248487
0.0,534,271.616113
2.0,887,289.906054
