#{"t_start": 1652197923.1371987, "env_id": "BreakoutNoFrameskip-v4"}
r,l,t
5.0,1337,31.380196
4.0,1239,54.100263
3.0,1107,85.974809
0.0,544,94.933145
3.0,1033,113.742449
4.0,1211,146.00827
1.0,635,157.010052
1.0,645,168.483166
0.0,534,187.402547
0.0,533,196.441942
1.0,712,208.886743
0.0,522,217.978175
1.0,732,232.014103
4.0,1214,266.439454
0.0,504,276.157328
2.0,906,294.371207
