#{"t_start": 1652197924.0128162, "env_id": "BreakoutNoFrameskip-v4"}
r,l,t
2.0,845,20.226306
0.0,513,29.677991
5.0,1395,67.567791
2.0,825,82.343241
0.0,528,91.416661
0.0,524,100.334967
2.0,909,126.468452
0.0,518,135.237654
0.0,503,143.948816
1.0,613,154.869539
2.0,911,171.668421
0.0,540,190.558782
0.0,517,199.670227
2.0,840,214.698856
0.0,526,224.092501
10.0,1771,270.942639
1.0,648,282.730976
1.0,646,295.25083
