#{"t_start": 1652196885.4228382, "env_id": "SeaquestNoFrameskip-v4"}
r,l,t
60.0,1894,33.574731
200.0,3454,132.113427
320.0,4058,216.292369
80.0,2407,270.281823
