#{"t_start": 1652196885.9191728, "env_id": "SeaquestNoFrameskip-v4"}
r,l,t
40.0,1986,34.732567
60.0,2002,86.733346
40.0,1946,140.271213
120.0,2579,201.417271
