#{"t_start": 1652196400.2915003, "env_id": "PongNoFrameskip-v4"}
r,l,t
-19.0,4478,114.905779
-20.0,4224,288.082283
-20.0,3918,430.395098
