#{"t_start": 1652196400.5276659, "env_id": "PongNoFrameskip-v4"}
r,l,t
-21.0,3593,99.315753
-21.0,3541,213.418459
-19.0,4505,373.492162
