#{"t_start": 1652196402.672184, "env_id": "PongNoFrameskip-v4"}
r,l,t
-21.0,3169,89.451776
-21.0,3593,204.451114
-20.0,4275,362.154534
