#{"t_start": 1652196402.9143565, "env_id": "PongNoFrameskip-v4"}
r,l,t
-20.0,3483,94.577401
-20.0,3873,214.974556
-20.0,3785,363.060059
