#{"t_start": 1652196403.1535237, "env_id": "PongNoFrameskip-v4"}
r,l,t
-19.0,4597,114.551534
-20.0,4241,287.80307
-21.0,3057,375.610677
