#{"t_start": 1652196403.3896904, "env_id": "PongNoFrameskip-v4"}
r,l,t
-21.0,3753,99.228691
-21.0,3929,270.420776
-20.0,3775,367.450889
