#{"t_start": 1652196403.6278586, "env_id": "PongNoFrameskip-v4"}
r,l,t
-20.0,3855,100.723752
-21.0,3372,212.144558
-21.0,3447,355.763099
