#{"t_start": 1652196403.8680286, "env_id": "PongNoFrameskip-v4"}
r,l,t
-21.0,3244,89.674934
-21.0,3246,198.255735
-21.0,3297,300.646637
