#{"t_start": 1652196400.7708402, "env_id": "PongNoFrameskip-v4"}
r,l,t
-21.0,3380,94.78855
-19.0,5052,283.843267
-21.0,3301,374.999226
