#{"t_start": 1652196401.0140111, "env_id": "PongNoFrameskip-v4"}
r,l,t
-19.0,4891,122.846397
-21.0,3612,284.752914
-21.0,3169,373.964496
