#{"t_start": 1652196401.2501776, "env_id": "PongNoFrameskip-v4"}
r,l,t
-21.0,3129,90.060207
-20.0,4058,213.78972
-20.0,3610,359.82332
