#{"t_start": 1652196401.4853444, "env_id": "PongNoFrameskip-v4"}
r,l,t
-20.0,3622,99.154639
-19.0,4301,276.103796
