#{"t_start": 1652196401.7215285, "env_id": "PongNoFrameskip-v4"}
r,l,t
-20.0,3594,98.393084
-19.0,4061,271.872784
-21.0,3541,365.233727
