#{"t_start": 1652196401.959679, "env_id": "PongNoFrameskip-v4"}
r,l,t
-21.0,3413,94.310213
-21.0,3789,213.742687
-20.0,3908,363.948046
