#{"t_start": 1652196402.1968648, "env_id": "PongNoFrameskip-v4"}
r,l,t
-21.0,3321,92.844158
-20.0,3608,208.652069
-20.0,3967,360.611822
