#{"t_start": 1652196402.435016, "env_id": "PongNoFrameskip-v4"}
r,l,t
-21.0,3481,95.371964
-20.0,3448,207.648376
-21.0,3372,350.857826
